index,bias
17,-0.05468428134918213
38,-0.07851213216781616
98,0.015656232833862305
