index,trans,bias
38,official,-0.07851213216781616
98,guard,0.015656232833862305
