index,trans,bias
62,setter,0.08615827560424805
80,soldier,0.0950707197189331
